-- Seed practitioner/source registry from docs/agentic-workflow/16-practitioner-directory-system.md
-- Generated 2026-05-23 for Hermes pre-install acceptance.

INSERT INTO practitioners (id, canonical_name, aliases, entity_type, credentials, country, region, languages, paradigm_affinity, source_tier, source_grade, specialty_focus, marker_affinity, key_contribution, status, notes, created_at, updated_at) VALUES
('person:peter-attia', 'Peter Attia', ARRAY['Peter Attia']::text[], 'person', NULL, 'United States', 'United States', ARRAY['en']::text[], ARRAY['MO']::text[], 'A', 'B1-C2', ARRAY[]::text[], ARRAY['apob','lpa','fasting-insulin','hba1c']::text[], 'longevity framework, insulin-centric risk, ApoB emphasis', 'active', 'Seeded from section sixteen first implementation roster.', '2026-05-23T00:00:00Z'::timestamptz, '2026-05-23T00:00:00Z'::timestamptz),
('person:ted-naiman', 'Ted Naiman', ARRAY['Ted Naiman']::text[], 'person', NULL, 'United States', 'United States', ARRAY['en']::text[], ARRAY['MO']::text[], 'A', 'D1-E2', ARRAY[]::text[], ARRAY['tg-hdl-ratio','hba1c','fasting-insulin']::text[], 'protein-energy framework, minimalist metabolic testing', 'active', 'Seeded from section sixteen first implementation roster.', '2026-05-23T00:00:00Z'::timestamptz, '2026-05-23T00:00:00Z'::timestamptz),
('person:dominic-dagostino', 'Dominic D''Agostino', ARRAY['Dominic D''Agostino']::text[], 'person', NULL, 'United States', 'United States', ARRAY['en']::text[], ARRAY['MO']::text[], 'A', 'B1', ARRAY[]::text[], ARRAY['hba1c','fasting-insulin']::text[], 'ketone physiology and metabolic therapy research', 'active', 'Seeded from section sixteen first implementation roster.', '2026-05-23T00:00:00Z'::timestamptz, '2026-05-23T00:00:00Z'::timestamptz),
('person:robert-lustig', 'Robert Lustig', ARRAY['Robert Lustig']::text[], 'person', NULL, 'United States', 'United States', ARRAY['en']::text[], ARRAY['MO']::text[], 'A', 'B2', ARRAY[]::text[], ARRAY['hba1c','fasting-insulin']::text[], 'fructose, uric acid, metabolic disease framework', 'active', 'Seeded from section sixteen first implementation roster.', '2026-05-23T00:00:00Z'::timestamptz, '2026-05-23T00:00:00Z'::timestamptz),
('person:jason-fung', 'Jason Fung', ARRAY['Jason Fung']::text[], 'person', NULL, 'Canada', 'Canada', ARRAY['en']::text[], ARRAY['MO']::text[], 'A', 'C1-D1', ARRAY[]::text[], ARRAY['hba1c','fasting-insulin']::text[], 'fasting and T2DM reversal framework', 'active', 'Seeded from section sixteen first implementation roster.', '2026-05-23T00:00:00Z'::timestamptz, '2026-05-23T00:00:00Z'::timestamptz),
('person:thomas-dayspring', 'Thomas Dayspring', ARRAY['Thomas Dayspring','DrLipid']::text[], 'person', NULL, 'United States', 'United States', ARRAY['en']::text[], ARRAY['RC','MO']::text[], 'A', 'B2-C1', ARRAY[]::text[], ARRAY['apob','lpa']::text[], 'ApoB-centric lipidology and advanced lipid testing', 'active', 'Seeded from section sixteen first implementation roster.', '2026-05-23T00:00:00Z'::timestamptz, '2026-05-23T00:00:00Z'::timestamptz),
('person:joseph-kraft', 'Joseph Kraft', ARRAY['Joseph Kraft']::text[], 'person', NULL, 'United States', 'United States', ARRAY['en']::text[], ARRAY['MO']::text[], 'A', 'D2', ARRAY[]::text[], ARRAY['fasting-insulin','homa-ir']::text[], 'insulin-response patterns and post-prandial insulin framework', 'active', 'Seeded from section sixteen first implementation roster.', '2026-05-23T00:00:00Z'::timestamptz, '2026-05-23T00:00:00Z'::timestamptz),
('person:benjamin-bikman', 'Benjamin Bikman', ARRAY['Benjamin Bikman']::text[], 'person', NULL, 'United States', 'United States', ARRAY['en']::text[], ARRAY['MO']::text[], 'A', 'B2', ARRAY[]::text[], ARRAY['tg-hdl-ratio','hba1c','fasting-insulin']::text[], 'insulin signaling, metabolic syndrome, ketone physiology', 'active', 'Seeded from section sixteen first implementation roster.', '2026-05-23T00:00:00Z'::timestamptz, '2026-05-23T00:00:00Z'::timestamptz),
('person:stephen-phinney', 'Stephen Phinney', ARRAY['Stephen Phinney']::text[], 'person', NULL, 'United States', 'United States', ARRAY['en']::text[], ARRAY['MO']::text[], 'A', 'B1', ARRAY[]::text[], ARRAY['hba1c','fasting-insulin']::text[], 'ketogenic nutrition and metabolic adaptation', 'active', 'Seeded from section sixteen first implementation roster.', '2026-05-23T00:00:00Z'::timestamptz, '2026-05-23T00:00:00Z'::timestamptz),
('person:jeff-volek', 'Jeff Volek', ARRAY['Jeff Volek']::text[], 'person', NULL, 'United States', 'United States', ARRAY['en']::text[], ARRAY['MO']::text[], 'A', 'B1', ARRAY[]::text[], ARRAY['hba1c','fasting-insulin']::text[], 'carbohydrate restriction and performance physiology', 'active', 'Seeded from section sixteen first implementation roster.', '2026-05-23T00:00:00Z'::timestamptz, '2026-05-23T00:00:00Z'::timestamptz),
('person:david-ludwig', 'David Ludwig', ARRAY['David Ludwig']::text[], 'person', NULL, 'United States', 'United States', ARRAY['en']::text[], ARRAY['RC','MO']::text[], 'A', 'B2', ARRAY[]::text[], ARRAY['hba1c','fasting-insulin']::text[], 'carbohydrate-insulin model', 'active', 'Seeded from section sixteen first implementation roster.', '2026-05-23T00:00:00Z'::timestamptz, '2026-05-23T00:00:00Z'::timestamptz),
('person:nick-norwitz', 'Nick Norwitz', ARRAY['Nick Norwitz']::text[], 'person', NULL, 'United States', 'United States', ARRAY['en']::text[], ARRAY['MO']::text[], 'B', 'B2-C1', ARRAY[]::text[], ARRAY['apob','lpa']::text[], 'LMHR phenotype, ketogenic lipidology', 'active', 'Seeded from section sixteen first implementation roster.', '2026-05-23T00:00:00Z'::timestamptz, '2026-05-23T00:00:00Z'::timestamptz),
('person:allan-sniderman', 'Allan Sniderman', ARRAY['Allan Sniderman']::text[], 'person', NULL, 'Canada', 'Canada', ARRAY['en']::text[], ARRAY['RC','MO']::text[], 'A', 'B1', ARRAY[]::text[], ARRAY['apob','lpa']::text[], 'ApoB causal and clinical-risk interpretation', 'active', 'Seeded from section sixteen first implementation roster.', '2026-05-23T00:00:00Z'::timestamptz, '2026-05-23T00:00:00Z'::timestamptz),
('person:david-unwin', 'David Unwin', ARRAY['David Unwin']::text[], 'person', NULL, 'United Kingdom', 'United Kingdom', ARRAY['en']::text[], ARRAY['MO']::text[], 'A', 'C1', ARRAY[]::text[], ARRAY['tg-hdl-ratio','hba1c','fasting-insulin']::text[], 'low-carb primary-care implementation', 'active', 'Seeded from section sixteen first implementation roster.', '2026-05-23T00:00:00Z'::timestamptz, '2026-05-23T00:00:00Z'::timestamptz),
('person:paul-mason', 'Paul Mason', ARRAY['Paul Mason']::text[], 'person', NULL, 'Australia', 'Australia', ARRAY['en']::text[], ARRAY['MO']::text[], 'A', 'D1', ARRAY[]::text[], ARRAY['apob','lpa']::text[], 'LMHR and low-carb lipid interpretation', 'active', 'Seeded from section sixteen first implementation roster.', '2026-05-23T00:00:00Z'::timestamptz, '2026-05-23T00:00:00Z'::timestamptz),
('person:anthony-chaffee', 'Anthony Chaffee', ARRAY['Anthony Chaffee','Anthony Chaffee MD','Dr Anthony Chaffee','Dr. Anthony Chaffee','Plant Free MD']::text[], 'person', 'MD', 'Australia', 'Australia / United States', ARRAY['en']::text[], ARRAY['MO']::text[], 'B', 'E2', ARRAY[]::text[], ARRAY['hba1c','fasting-insulin','tg-hdl-ratio','apob']::text[], 'carnivore/plant-free clinical advocacy and dietary reversal claims', 'active', 'Added from user-supplied missing-practitioner report on 2026-05-26; verify RSS/feed metadata during source maintenance.', '2026-05-23T00:00:00Z'::timestamptz, '2026-05-23T00:00:00Z'::timestamptz),
('person:peter-brukner', 'Peter Brukner', ARRAY['Peter Brukner']::text[], 'person', NULL, 'Australia', 'Australia', ARRAY['en']::text[], ARRAY['RC','MO']::text[], 'A', 'B1-C1', ARRAY[]::text[], ARRAY['hba1c','fasting-insulin']::text[], 'public-health implementation and Defeat Diabetes', 'active', 'Seeded from section sixteen first implementation roster.', '2026-05-23T00:00:00Z'::timestamptz, '2026-05-23T00:00:00Z'::timestamptz),
('person:tim-noakes', 'Tim Noakes', ARRAY['Tim Noakes']::text[], 'person', NULL, 'South Africa', 'South Africa / UK influence', ARRAY['en']::text[], ARRAY['MO']::text[], 'A', 'B2', ARRAY[]::text[], ARRAY['hba1c','fasting-insulin']::text[], 'low-carb metabolic syndrome reversal', 'active', 'Seeded from section sixteen first implementation roster.', '2026-05-23T00:00:00Z'::timestamptz, '2026-05-23T00:00:00Z'::timestamptz),
('person:margaret-ashwell', 'Margaret Ashwell', ARRAY['Margaret Ashwell']::text[], 'person', NULL, 'United Kingdom', 'United Kingdom', ARRAY['en']::text[], ARRAY['RC','MO']::text[], 'A', 'B2', ARRAY[]::text[], ARRAY['tg-hdl-ratio']::text[], 'waist-to-height ratio research', 'active', 'Seeded from section sixteen first implementation roster.', '2026-05-23T00:00:00Z'::timestamptz, '2026-05-23T00:00:00Z'::timestamptz),
('person:andreas-eenfeldt', 'Andreas Eenfeldt', ARRAY['Andreas Eenfeldt']::text[], 'person', NULL, 'Sweden', 'Sweden', ARRAY['en']::text[], ARRAY['MO']::text[], 'B', 'C1', ARRAY[]::text[], ARRAY['hba1c','fasting-insulin']::text[], 'Diet Doctor and global low-carb education', 'active', 'Seeded from section sixteen first implementation roster.', '2026-05-23T00:00:00Z'::timestamptz, '2026-05-23T00:00:00Z'::timestamptz),
('person:megan-ramos', 'Megan Ramos', ARRAY['Megan Ramos']::text[], 'person', NULL, 'Canada', 'Canada', ARRAY['en']::text[], ARRAY['MO']::text[], 'B', 'C1', ARRAY[]::text[], ARRAY['hba1c','fasting-insulin']::text[], 'fasting implementation and IDM/Fasting Method', 'active', 'Seeded from section sixteen first implementation roster.', '2026-05-23T00:00:00Z'::timestamptz, '2026-05-23T00:00:00Z'::timestamptz),
('person:evelyne-bourdua-roy', 'Evelyne Bourdua-Roy', ARRAY['Evelyne Bourdua-Roy','Èvelyne Bourdua-Roy']::text[], 'person', NULL, 'Canada', 'Canada', ARRAY['en']::text[], ARRAY['MO']::text[], 'B', 'D1-E2', ARRAY[]::text[], ARRAY['hba1c','fasting-insulin']::text[], 'low-carb clinical implementation in French Canada', 'active', 'Seeded from section sixteen first implementation roster.', '2026-05-23T00:00:00Z'::timestamptz, '2026-05-23T00:00:00Z'::timestamptz),
('person:jonathan-little', 'Jonathan Little', ARRAY['Jonathan Little']::text[], 'person', NULL, 'Canada', 'Canada', ARRAY['en']::text[], ARRAY['RC','MO']::text[], 'B', 'B2', ARRAY[]::text[], ARRAY['hba1c','fasting-insulin']::text[], 'low-carb diets, T2DM, exercise metabolism', 'active', 'Seeded from section sixteen first implementation roster.', '2026-05-23T00:00:00Z'::timestamptz, '2026-05-23T00:00:00Z'::timestamptz),
('person:david-harper', 'David Harper', ARRAY['David Harper']::text[], 'person', NULL, 'Canada', 'Canada', ARRAY['en']::text[], ARRAY['MO']::text[], 'B', 'D2', ARRAY[]::text[], ARRAY['fasting-insulin']::text[], 'ketogenic diets in cancer metabolism', 'active', 'Seeded from section sixteen first implementation roster.', '2026-05-23T00:00:00Z'::timestamptz, '2026-05-23T00:00:00Z'::timestamptz),
('person:william-davis', 'William Davis', ARRAY['William Davis']::text[], 'person', NULL, 'United States', 'United States', ARRAY['en']::text[], ARRAY['MO']::text[], 'B', 'C1-D1', ARRAY[]::text[], ARRAY['apob','tg-hdl-ratio']::text[], 'grain elimination, small LDL, gut-health protocols', 'active', 'Seeded from section sixteen first implementation roster.', '2026-05-23T00:00:00Z'::timestamptz, '2026-05-23T00:00:00Z'::timestamptz),
('person:michael-holick', 'Michael Holick', ARRAY['Michael Holick']::text[], 'person', NULL, 'United States', 'United States', ARRAY['en']::text[], ARRAY['MO']::text[], 'B', 'B2', ARRAY[]::text[], ARRAY[]::text[], 'vitamin D physiology and 25(OH)D framework', 'active', 'Seeded from section sixteen first implementation roster.', '2026-05-23T00:00:00Z'::timestamptz, '2026-05-23T00:00:00Z'::timestamptz),
('person:richard-maurer', 'Richard Maurer', ARRAY['Richard Maurer']::text[], 'person', NULL, 'United States', 'United States', ARRAY['en']::text[], ARRAY['MO']::text[], 'B', 'E2', ARRAY[]::text[], ARRAY['fasting-insulin','homa-ir']::text[], 'HOMA-IR clinical interpretation framework', 'active', 'Seeded from section sixteen first implementation roster.', '2026-05-23T00:00:00Z'::timestamptz, '2026-05-23T00:00:00Z'::timestamptz),
('person:brian-lamkin', 'Brian Lamkin', ARRAY['Brian Lamkin']::text[], 'person', NULL, 'United States', 'United States', ARRAY['en']::text[], ARRAY['MO']::text[], 'B', 'E2', ARRAY[]::text[], ARRAY['fasting-insulin','homa-ir']::text[], 'HOMA-IR functional medicine interpretation tiers', 'active', 'Seeded from section sixteen first implementation roster.', '2026-05-23T00:00:00Z'::timestamptz, '2026-05-23T00:00:00Z'::timestamptz),
('company:virta-health', 'Virta Health', ARRAY['Virta Health']::text[], 'company', NULL, 'United States', 'United States', ARRAY['en']::text[], ARRAY['MO']::text[], 'A', 'B1', ARRAY[]::text[], ARRAY['hba1c','fasting-insulin']::text[], 'T2DM reversal at scale', 'active', 'Seeded from section sixteen first implementation roster.', '2026-05-23T00:00:00Z'::timestamptz, '2026-05-23T00:00:00Z'::timestamptz),
('company:levels-health', 'Levels Health', ARRAY['Levels Health']::text[], 'company', NULL, 'United States', 'United States', ARRAY['en']::text[], ARRAY['MO']::text[], 'B', 'C1', ARRAY[]::text[], ARRAY['hba1c','fasting-insulin']::text[], 'CGM-centric metabolic education', 'active', 'Seeded from section sixteen first implementation roster.', '2026-05-23T00:00:00Z'::timestamptz, '2026-05-23T00:00:00Z'::timestamptz),
('company:defeat-diabetes', 'Defeat Diabetes', ARRAY['Defeat Diabetes']::text[], 'company', NULL, 'Australia', 'Australia', ARRAY['en']::text[], ARRAY['MO']::text[], 'A', 'C1', ARRAY[]::text[], ARRAY['hba1c','fasting-insulin']::text[], 'national virtual low-carb implementation', 'active', 'Seeded from section sixteen first implementation roster.', '2026-05-23T00:00:00Z'::timestamptz, '2026-05-23T00:00:00Z'::timestamptz),
('researchgroup:csiro', 'CSIRO', ARRAY['CSIRO']::text[], 'research_group', NULL, 'Australia', 'Australia', ARRAY['en']::text[], ARRAY['RC','MO']::text[], 'A', 'B1', ARRAY[]::text[], ARRAY['hba1c','fasting-insulin']::text[], 'government-funded low-carb trials', 'active', 'Seeded from section sixteen first implementation roster.', '2026-05-23T00:00:00Z'::timestamptz, '2026-05-23T00:00:00Z'::timestamptz),
('network:public-health-collaboration', 'Public Health Collaboration', ARRAY['Public Health Collaboration']::text[], 'professional_network', NULL, 'United Kingdom', 'United Kingdom', ARRAY['en']::text[], ARRAY['MO']::text[], 'B', 'C1', ARRAY[]::text[], ARRAY['hba1c','fasting-insulin']::text[], 'low-carb GP network', 'active', 'Seeded from section sixteen first implementation roster.', '2026-05-23T00:00:00Z'::timestamptz, '2026-05-23T00:00:00Z'::timestamptz),
('company:low-carb-program', 'Low Carb Program', ARRAY['Low Carb Program']::text[], 'company', NULL, 'United Kingdom', 'United Kingdom', ARRAY['en']::text[], ARRAY['MO']::text[], 'B', 'C1', ARRAY[]::text[], ARRAY['hba1c','fasting-insulin']::text[], 'NHS-approved digital T2DM program', 'active', 'Seeded from section sixteen first implementation roster.', '2026-05-23T00:00:00Z'::timestamptz, '2026-05-23T00:00:00Z'::timestamptz),
('media:diet-doctor', 'Diet Doctor', ARRAY['Diet Doctor']::text[], 'media_platform', NULL, 'Sweden', 'Sweden', ARRAY['en']::text[], ARRAY['MO']::text[], 'B', 'C1', ARRAY[]::text[], ARRAY['hba1c','fasting-insulin']::text[], 'low-carb education and practitioner network', 'active', 'Seeded from section sixteen first implementation roster.', '2026-05-23T00:00:00Z'::timestamptz, '2026-05-23T00:00:00Z'::timestamptz),
('conference:metabolic-health-summit', 'Metabolic Health Summit', ARRAY['Metabolic Health Summit']::text[], 'conference', NULL, 'United States', 'United States', ARRAY['en']::text[], ARRAY['MO']::text[], 'B', 'C1', ARRAY[]::text[], ARRAY['hba1c','fasting-insulin']::text[], 'metabolic health conference network', 'active', 'Seeded from section sixteen first implementation roster.', '2026-05-23T00:00:00Z'::timestamptz, '2026-05-23T00:00:00Z'::timestamptz),
('media:metodichu-bengedi-robi', 'Metodic.hu / Bengedi Robi', ARRAY['Metodic.hu / Bengedi Robi','Metodic.hu','Bengedi Robi']::text[], 'media_platform', NULL, 'Hungary', 'Hungary', ARRAY['hu']::text[], ARRAY['MO']::text[], 'B', 'C1', ARRAY[]::text[], ARRAY['hba1c','fasting-insulin']::text[], 'Hungarian metabolic-health education and media surface', 'active', 'Seeded from section sixteen first implementation roster.', '2026-05-23T00:00:00Z'::timestamptz, '2026-05-23T00:00:00Z'::timestamptz),
('network:hungarian-diabetes-association', 'Hungarian Diabetes Association', ARRAY['Hungarian Diabetes Association']::text[], 'professional_network', NULL, 'Hungary', 'Hungary', ARRAY['hu']::text[], ARRAY['SM','RC']::text[], 'B', 'A1', ARRAY[]::text[], ARRAY['hba1c','fasting-insulin']::text[], 'conservative diabetes guideline surface', 'active', 'Seeded from section sixteen first implementation roster.', '2026-05-23T00:00:00Z'::timestamptz, '2026-05-23T00:00:00Z'::timestamptz),
('researchgroup:semmelweis-metabolic-research-sources', 'Semmelweis metabolic research sources', ARRAY['Semmelweis metabolic research sources']::text[], 'research_group', NULL, 'Hungary', 'Hungary', ARRAY['hu']::text[], ARRAY['SM','RC']::text[], 'B', 'B2-C2', ARRAY[]::text[], ARRAY['hba1c','fasting-insulin']::text[], 'population studies and insulin-resistance context', 'active', 'Seeded from section sixteen first implementation roster.', '2026-05-23T00:00:00Z'::timestamptz, '2026-05-23T00:00:00Z'::timestamptz),
('researchgroup:university-of-debrecen-metabolic-research-sources', 'University of Debrecen metabolic research sources', ARRAY['University of Debrecen metabolic research sources']::text[], 'research_group', NULL, 'Hungary', 'Hungary', ARRAY['hu']::text[], ARRAY['SM','RC']::text[], 'B', 'B2-C2', ARRAY[]::text[], ARRAY['hba1c','fasting-insulin']::text[], 'NAFLD and metabolic-syndrome research', 'active', 'Seeded from section sixteen first implementation roster.', '2026-05-23T00:00:00Z'::timestamptz, '2026-05-23T00:00:00Z'::timestamptz),
('network:hungarian-low-carb-clinician-network', 'Hungarian low-carb clinician network', ARRAY['Hungarian low-carb clinician network']::text[], 'professional_network', NULL, 'Hungary', 'Hungary', ARRAY['hu']::text[], ARRAY['MO']::text[], 'C', 'E2', ARRAY[]::text[], ARRAY['hba1c','fasting-insulin']::text[], 'local practitioner discovery and manual seed source', 'active', 'Seeded from section sixteen first implementation roster.', '2026-05-23T00:00:00Z'::timestamptz, '2026-05-23T00:00:00Z'::timestamptz)
ON CONFLICT (id) DO UPDATE SET canonical_name = EXCLUDED.canonical_name, aliases = EXCLUDED.aliases, entity_type = EXCLUDED.entity_type, country = EXCLUDED.country, region = EXCLUDED.region, languages = EXCLUDED.languages, paradigm_affinity = EXCLUDED.paradigm_affinity, source_tier = EXCLUDED.source_tier, source_grade = EXCLUDED.source_grade, marker_affinity = EXCLUDED.marker_affinity, key_contribution = EXCLUDED.key_contribution, updated_at = EXCLUDED.updated_at;

INSERT INTO practitioner_surfaces (id, practitioner_id, platform, handle_or_url, discovery_mode, priority, notes, created_at, updated_at) VALUES
('5beb4d5f-a503-5dd0-a101-cf24fc4e791d'::uuid, 'person:peter-attia', 'website', 'https://peterattiamd.com/', 'manual_seed', 'primary', 'Section sixteen seed surface.', '2026-05-23T00:00:00Z'::timestamptz, '2026-05-23T00:00:00Z'::timestamptz),
('47e77c1a-870a-578b-a2b8-f77ed0821bfe'::uuid, 'person:ted-naiman', 'website', 'https://tednaiman.com/', 'manual_seed', 'primary', 'Section sixteen seed surface.', '2026-05-23T00:00:00Z'::timestamptz, '2026-05-23T00:00:00Z'::timestamptz),
('831472ed-9879-5628-9fce-7561510ca5a3'::uuid, 'person:dominic-dagostino', 'other', 'manual:person:dominic-dagostino', 'manual_seed', 'manual_only', 'Section sixteen seed surface.', '2026-05-23T00:00:00Z'::timestamptz, '2026-05-23T00:00:00Z'::timestamptz),
('82f0f598-ac2a-5b13-b2c7-9345c6ff6298'::uuid, 'person:robert-lustig', 'other', 'manual:person:robert-lustig', 'manual_seed', 'manual_only', 'Section sixteen seed surface.', '2026-05-23T00:00:00Z'::timestamptz, '2026-05-23T00:00:00Z'::timestamptz),
('69af1114-2bbe-5118-abd1-bfe1bfc07f6f'::uuid, 'person:jason-fung', 'website', 'https://www.thefastingmethod.com/', 'manual_seed', 'primary', 'Section sixteen seed surface.', '2026-05-23T00:00:00Z'::timestamptz, '2026-05-23T00:00:00Z'::timestamptz),
('cffeffd6-2940-5992-8d6b-01af4bee0cf0'::uuid, 'person:thomas-dayspring', 'website', 'https://twitter.com/Drlipid', 'manual_seed', 'primary', 'Section sixteen seed surface.', '2026-05-23T00:00:00Z'::timestamptz, '2026-05-23T00:00:00Z'::timestamptz),
('ce27faa1-ed51-5718-851c-e742f0584f11'::uuid, 'person:joseph-kraft', 'other', 'manual:person:joseph-kraft', 'manual_seed', 'manual_only', 'Section sixteen seed surface.', '2026-05-23T00:00:00Z'::timestamptz, '2026-05-23T00:00:00Z'::timestamptz),
('abfbb24b-c690-55d4-a151-cc948b016856'::uuid, 'person:benjamin-bikman', 'website', 'https://www.benbikman.com/', 'manual_seed', 'primary', 'Section sixteen seed surface.', '2026-05-23T00:00:00Z'::timestamptz, '2026-05-23T00:00:00Z'::timestamptz),
('6264bcf1-1a93-5d72-ae1c-d492bd28357d'::uuid, 'person:stephen-phinney', 'other', 'manual:person:stephen-phinney', 'manual_seed', 'manual_only', 'Section sixteen seed surface.', '2026-05-23T00:00:00Z'::timestamptz, '2026-05-23T00:00:00Z'::timestamptz),
('0f4d0f9b-a55f-5829-8d4e-dae13a0499c6'::uuid, 'person:jeff-volek', 'other', 'manual:person:jeff-volek', 'manual_seed', 'manual_only', 'Section sixteen seed surface.', '2026-05-23T00:00:00Z'::timestamptz, '2026-05-23T00:00:00Z'::timestamptz),
('776aeea5-9304-5868-87e9-aad409f37d30'::uuid, 'person:david-ludwig', 'other', 'manual:person:david-ludwig', 'manual_seed', 'manual_only', 'Section sixteen seed surface.', '2026-05-23T00:00:00Z'::timestamptz, '2026-05-23T00:00:00Z'::timestamptz),
('7080bdb4-c759-5abd-bd77-aec0518217c0'::uuid, 'person:nick-norwitz', 'other', 'manual:person:nick-norwitz', 'manual_seed', 'manual_only', 'Section sixteen seed surface.', '2026-05-23T00:00:00Z'::timestamptz, '2026-05-23T00:00:00Z'::timestamptz),
('9aaf0a81-fdff-508a-b1c4-68895fa569a6'::uuid, 'person:allan-sniderman', 'other', 'manual:person:allan-sniderman', 'manual_seed', 'manual_only', 'Section sixteen seed surface.', '2026-05-23T00:00:00Z'::timestamptz, '2026-05-23T00:00:00Z'::timestamptz),
('3f266d9b-5003-553e-86c2-7854c7902c3d'::uuid, 'person:david-unwin', 'website', 'https://phcuk.org/', 'manual_seed', 'primary', 'Section sixteen seed surface.', '2026-05-23T00:00:00Z'::timestamptz, '2026-05-23T00:00:00Z'::timestamptz),
('2741434c-380e-5f6e-9e87-ec17033574ac'::uuid, 'person:paul-mason', 'other', 'manual:person:paul-mason', 'manual_seed', 'manual_only', 'Section sixteen seed surface.', '2026-05-23T00:00:00Z'::timestamptz, '2026-05-23T00:00:00Z'::timestamptz),
('70158ed8-4a60-5135-9b88-e8483bc1a703'::uuid, 'person:peter-brukner', 'other', 'manual:person:peter-brukner', 'manual_seed', 'manual_only', 'Section sixteen seed surface.', '2026-05-23T00:00:00Z'::timestamptz, '2026-05-23T00:00:00Z'::timestamptz),
('392224c6-64a8-536c-8124-195329593259'::uuid, 'person:tim-noakes', 'other', 'manual:person:tim-noakes', 'manual_seed', 'manual_only', 'Section sixteen seed surface.', '2026-05-23T00:00:00Z'::timestamptz, '2026-05-23T00:00:00Z'::timestamptz),
('8f3a7d41-2629-5bf8-b685-aa6b36249225'::uuid, 'person:margaret-ashwell', 'other', 'manual:person:margaret-ashwell', 'manual_seed', 'manual_only', 'Section sixteen seed surface.', '2026-05-23T00:00:00Z'::timestamptz, '2026-05-23T00:00:00Z'::timestamptz),
('8672cb7d-0de8-573d-9486-2600196c05c0'::uuid, 'person:andreas-eenfeldt', 'other', 'manual:person:andreas-eenfeldt', 'manual_seed', 'manual_only', 'Section sixteen seed surface.', '2026-05-23T00:00:00Z'::timestamptz, '2026-05-23T00:00:00Z'::timestamptz),
('f0dbd303-36b3-53ac-8319-8bd2e09be893'::uuid, 'person:megan-ramos', 'other', 'manual:person:megan-ramos', 'manual_seed', 'manual_only', 'Section sixteen seed surface.', '2026-05-23T00:00:00Z'::timestamptz, '2026-05-23T00:00:00Z'::timestamptz),
('bac1efe1-dbe6-58b2-a121-106420f3fd8a'::uuid, 'person:evelyne-bourdua-roy', 'other', 'manual:person:evelyne-bourdua-roy', 'manual_seed', 'manual_only', 'Section sixteen seed surface.', '2026-05-23T00:00:00Z'::timestamptz, '2026-05-23T00:00:00Z'::timestamptz),
('b6d92eb1-c1dd-5694-b82c-9bd95bb103ce'::uuid, 'person:jonathan-little', 'other', 'manual:person:jonathan-little', 'manual_seed', 'manual_only', 'Section sixteen seed surface.', '2026-05-23T00:00:00Z'::timestamptz, '2026-05-23T00:00:00Z'::timestamptz),
('bde91ae1-eb04-5098-ba6f-d6b784232de7'::uuid, 'person:david-harper', 'other', 'manual:person:david-harper', 'manual_seed', 'manual_only', 'Section sixteen seed surface.', '2026-05-23T00:00:00Z'::timestamptz, '2026-05-23T00:00:00Z'::timestamptz),
('071a242f-8b25-559c-9834-58bddeace30a'::uuid, 'person:william-davis', 'other', 'manual:person:william-davis', 'manual_seed', 'manual_only', 'Section sixteen seed surface.', '2026-05-23T00:00:00Z'::timestamptz, '2026-05-23T00:00:00Z'::timestamptz),
('3e1c0bea-bc29-5912-a2ef-174b5997bd05'::uuid, 'person:michael-holick', 'other', 'manual:person:michael-holick', 'manual_seed', 'manual_only', 'Section sixteen seed surface.', '2026-05-23T00:00:00Z'::timestamptz, '2026-05-23T00:00:00Z'::timestamptz),
('53bb8378-6b07-56aa-b623-303ecc1e5dc8'::uuid, 'person:richard-maurer', 'other', 'manual:person:richard-maurer', 'manual_seed', 'manual_only', 'Section sixteen seed surface.', '2026-05-23T00:00:00Z'::timestamptz, '2026-05-23T00:00:00Z'::timestamptz),
('0623102a-e11d-5e5d-a131-4499a53e0f60'::uuid, 'person:brian-lamkin', 'other', 'manual:person:brian-lamkin', 'manual_seed', 'manual_only', 'Section sixteen seed surface.', '2026-05-23T00:00:00Z'::timestamptz, '2026-05-23T00:00:00Z'::timestamptz),
('d3d870a1-eeae-5290-a575-e91121a46334'::uuid, 'company:virta-health', 'website', 'https://www.virtahealth.com/', 'manual_seed', 'primary', 'Section sixteen seed surface.', '2026-05-23T00:00:00Z'::timestamptz, '2026-05-23T00:00:00Z'::timestamptz),
('02911522-db15-5fbe-bea4-2f342a25823e'::uuid, 'company:levels-health', 'website', 'https://www.levels.com/', 'manual_seed', 'primary', 'Section sixteen seed surface.', '2026-05-23T00:00:00Z'::timestamptz, '2026-05-23T00:00:00Z'::timestamptz),
('d3d5ea19-e157-58ee-93c5-eec97b23027d'::uuid, 'company:defeat-diabetes', 'website', 'https://www.defeatdiabetes.com.au/', 'manual_seed', 'primary', 'Section sixteen seed surface.', '2026-05-23T00:00:00Z'::timestamptz, '2026-05-23T00:00:00Z'::timestamptz),
('5c128029-4fff-51d2-b5b4-b1b2ef58a076'::uuid, 'researchgroup:csiro', 'website', 'https://www.csiro.au/', 'manual_seed', 'primary', 'Section sixteen seed surface.', '2026-05-23T00:00:00Z'::timestamptz, '2026-05-23T00:00:00Z'::timestamptz),
('f45e73c4-89ef-5e75-b3f9-53663552fbdc'::uuid, 'network:public-health-collaboration', 'website', 'https://phcuk.org/', 'manual_seed', 'primary', 'Section sixteen seed surface.', '2026-05-23T00:00:00Z'::timestamptz, '2026-05-23T00:00:00Z'::timestamptz),
('d8014236-f114-5a68-9246-8c1ced0e5ed0'::uuid, 'company:low-carb-program', 'website', 'https://www.lowcarbprogram.com/', 'manual_seed', 'primary', 'Section sixteen seed surface.', '2026-05-23T00:00:00Z'::timestamptz, '2026-05-23T00:00:00Z'::timestamptz),
('1cf244a9-0994-5dd8-8682-68d7d7a5852a'::uuid, 'media:diet-doctor', 'website', 'https://www.dietdoctor.com/', 'manual_seed', 'primary', 'Section sixteen seed surface.', '2026-05-23T00:00:00Z'::timestamptz, '2026-05-23T00:00:00Z'::timestamptz),
('02479bf5-7f90-5236-b90c-14fcb13d7675'::uuid, 'conference:metabolic-health-summit', 'website', 'https://metabolichealthsummit.com/', 'manual_seed', 'primary', 'Section sixteen seed surface.', '2026-05-23T00:00:00Z'::timestamptz, '2026-05-23T00:00:00Z'::timestamptz),
('40e7fd41-9f54-535f-87a6-1aca1af308a2'::uuid, 'media:metodichu-bengedi-robi', 'other', 'manual:media:metodichu-bengedi-robi', 'manual_seed', 'manual_only', 'Section sixteen seed surface.', '2026-05-23T00:00:00Z'::timestamptz, '2026-05-23T00:00:00Z'::timestamptz),
('90ab2f8b-5483-5987-b36e-17be707cb7e4'::uuid, 'network:hungarian-diabetes-association', 'other', 'manual:network:hungarian-diabetes-association', 'manual_seed', 'manual_only', 'Section sixteen seed surface.', '2026-05-23T00:00:00Z'::timestamptz, '2026-05-23T00:00:00Z'::timestamptz),
('bb7288bd-bbde-59ee-b6e5-1c0d3bab109e'::uuid, 'researchgroup:semmelweis-metabolic-research-sources', 'other', 'manual:researchgroup:semmelweis-metabolic-research-sources', 'manual_seed', 'manual_only', 'Section sixteen seed surface.', '2026-05-23T00:00:00Z'::timestamptz, '2026-05-23T00:00:00Z'::timestamptz),
('30a915e2-57ac-59dd-9980-a69ba181e994'::uuid, 'researchgroup:university-of-debrecen-metabolic-research-sources', 'other', 'manual:researchgroup:university-of-debrecen-metabolic-research-sources', 'manual_seed', 'manual_only', 'Section sixteen seed surface.', '2026-05-23T00:00:00Z'::timestamptz, '2026-05-23T00:00:00Z'::timestamptz),
('ff54ce4c-a02d-59ce-b425-ff01443a8064'::uuid, 'network:hungarian-low-carb-clinician-network', 'other', 'manual:network:hungarian-low-carb-clinician-network', 'manual_seed', 'manual_only', 'Section sixteen seed surface.', '2026-05-23T00:00:00Z'::timestamptz, '2026-05-23T00:00:00Z'::timestamptz),
('a65dd83b-bcbf-52f5-b14e-5694564ec40c'::uuid, 'person:anthony-chaffee', 'website', 'https://dranthonychaffee.com/', 'manual_seed', 'primary', 'Section sixteen seed surface.', '2026-05-23T00:00:00Z'::timestamptz, '2026-05-23T00:00:00Z'::timestamptz),
('46b183ee-478b-5564-bbe8-9058107849b9'::uuid, 'person:anthony-chaffee', 'youtube', 'https://www.youtube.com/@anthonychaffeemd', 'manual_seed', 'primary', 'Section sixteen seed surface.', '2026-05-23T00:00:00Z'::timestamptz, '2026-05-23T00:00:00Z'::timestamptz),
('8401c6ae-22db-573e-a4e8-45991d206efc'::uuid, 'person:anthony-chaffee', 'x', 'https://twitter.com/anthony_chaffee', 'manual_seed', 'secondary', 'Section sixteen seed surface.', '2026-05-23T00:00:00Z'::timestamptz, '2026-05-23T00:00:00Z'::timestamptz),
('cce14b74-2b95-5dd9-9804-5511b3ed9445'::uuid, 'person:anthony-chaffee', 'other', 'https://instagram.com/anthonychaffeemd', 'manual_seed', 'secondary', 'Section sixteen seed surface.', '2026-05-23T00:00:00Z'::timestamptz, '2026-05-23T00:00:00Z'::timestamptz),
('0e1e5ea4-070f-53c4-8979-aab7335ff06f'::uuid, 'person:anthony-chaffee', 'podcast', 'https://podcasts.apple.com/au/podcast/the-plant-free-md-podcast/id1614546790', 'manual_seed', 'primary', 'Section sixteen seed surface.', '2026-05-23T00:00:00Z'::timestamptz, '2026-05-23T00:00:00Z'::timestamptz),
('53ff0822-f1c9-58f1-b2f2-fedd912a0d0a'::uuid, 'person:anthony-chaffee', 'podcast', 'https://open.spotify.com/show/0WQtoPLuPMWWm3ZT3DYXzp', 'manual_seed', 'secondary', 'Section sixteen seed surface.', '2026-05-23T00:00:00Z'::timestamptz, '2026-05-23T00:00:00Z'::timestamptz),
('a826aec4-df51-54e3-8992-1b6cc5b2cc0a'::uuid, 'person:anthony-chaffee', 'other', 'https://dr-chaffee-s-90-day-carnivore-challenge.mn.co/landing', 'manual_seed', 'secondary', 'Section sixteen seed surface.', '2026-05-23T00:00:00Z'::timestamptz, '2026-05-23T00:00:00Z'::timestamptz),
('d5c75fdd-cbee-5f79-8d2e-abe3946dc1d6'::uuid, 'person:anthony-chaffee', 'other', 'https://patreon.com/AnthonyChaffeeMD', 'manual_seed', 'secondary', 'Section sixteen seed surface.', '2026-05-23T00:00:00Z'::timestamptz, '2026-05-23T00:00:00Z'::timestamptz)
ON CONFLICT (practitioner_id, platform, handle_or_url) DO UPDATE SET discovery_mode = EXCLUDED.discovery_mode, priority = EXCLUDED.priority, updated_at = EXCLUDED.updated_at;

INSERT INTO practitioner_commercial_interests (id, practitioner_id, domain, product_or_service, related_markers, disclosure_quality, severity, notes, created_at, updated_at) VALUES
('68472018-e7e0-5e72-bc39-685b4d912563'::uuid, 'person:peter-attia', 'clinic_services', 'Early Medical / Medicine 3.0 clinical practice', ARRAY['apob','lpa','fasting-insulin']::text[], 'transparent', 'marker_specific', 'Seeded for pilot-marker financial-conflict checks.', '2026-05-23T00:00:00Z'::timestamptz, '2026-05-23T00:00:00Z'::timestamptz),
('4665ce52-cf52-50da-9db8-a5b215990489'::uuid, 'person:thomas-dayspring', 'lab_testing', 'advanced lipid testing education and interpretation', ARRAY['apob','lpa']::text[], 'transparent', 'marker_specific', 'Seeded for pilot-marker financial-conflict checks.', '2026-05-23T00:00:00Z'::timestamptz, '2026-05-23T00:00:00Z'::timestamptz),
('ff233760-2d27-548c-88dc-b7e7b7883ebd'::uuid, 'person:william-davis', 'books', 'metabolic health books and programs', ARRAY['apob','tg-hdl-ratio']::text[], 'transparent', 'generic', 'Seeded for pilot-marker financial-conflict checks.', '2026-05-23T00:00:00Z'::timestamptz, '2026-05-23T00:00:00Z'::timestamptz),
('3d55df35-79b4-5ce1-b590-4c8b88ddf645'::uuid, 'person:richard-maurer', 'books', 'HOMA-IR clinical interpretation material', ARRAY['fasting-insulin','homa-ir']::text[], 'partial', 'marker_specific', 'Seeded for pilot-marker financial-conflict checks.', '2026-05-23T00:00:00Z'::timestamptz, '2026-05-23T00:00:00Z'::timestamptz),
('bd668468-2a59-51ce-a611-e8112d29c144'::uuid, 'person:brian-lamkin', 'clinic_services', 'functional medicine HOMA-IR interpretation', ARRAY['fasting-insulin','homa-ir']::text[], 'unknown', 'marker_specific', 'Seeded for pilot-marker financial-conflict checks.', '2026-05-23T00:00:00Z'::timestamptz, '2026-05-23T00:00:00Z'::timestamptz),
('443ccb86-2a40-5cb8-90b5-713c4a1ced80'::uuid, 'company:virta-health', 'digital_health', 'T2DM reversal care platform', ARRAY['hba1c','fasting-insulin']::text[], 'transparent', 'marker_specific', 'Seeded for pilot-marker financial-conflict checks.', '2026-05-23T00:00:00Z'::timestamptz, '2026-05-23T00:00:00Z'::timestamptz),
('51497147-14e3-5e01-a8be-1d958de25cf5'::uuid, 'company:levels-health', 'digital_health', 'CGM metabolic health platform', ARRAY['hba1c','fasting-insulin']::text[], 'transparent', 'marker_specific', 'Seeded for pilot-marker financial-conflict checks.', '2026-05-23T00:00:00Z'::timestamptz, '2026-05-23T00:00:00Z'::timestamptz),
('439bf48e-67b9-5837-bd1c-1d9924f68813'::uuid, 'company:defeat-diabetes', 'digital_health', 'low-carb diabetes program', ARRAY['hba1c','fasting-insulin']::text[], 'transparent', 'marker_specific', 'Seeded for pilot-marker financial-conflict checks.', '2026-05-23T00:00:00Z'::timestamptz, '2026-05-23T00:00:00Z'::timestamptz),
('e09e29b1-bc4b-535d-aa4a-097472e89138'::uuid, 'company:low-carb-program', 'digital_health', 'digital T2DM program', ARRAY['hba1c','fasting-insulin']::text[], 'transparent', 'marker_specific', 'Seeded for pilot-marker financial-conflict checks.', '2026-05-23T00:00:00Z'::timestamptz, '2026-05-23T00:00:00Z'::timestamptz),
('2981e68b-9a9f-5198-83a8-5ff5e324bcf1'::uuid, 'media:diet-doctor', 'courses', 'low-carb membership and education', ARRAY['hba1c','fasting-insulin']::text[], 'transparent', 'generic', 'Seeded for pilot-marker financial-conflict checks.', '2026-05-23T00:00:00Z'::timestamptz, '2026-05-23T00:00:00Z'::timestamptz),
('521ed7d0-ea1f-5bdc-9011-b8da2913fccf'::uuid, 'person:anthony-chaffee', 'other', 'Stone and Spear tallow skincare affiliate promotion', ARRAY[]::text[], 'transparent', 'generic', 'Seeded from user-supplied commercial surfaces for financial-conflict checks.', '2026-05-23T00:00:00Z'::timestamptz, '2026-05-23T00:00:00Z'::timestamptz),
('96bc7fab-4b95-5865-8734-a01474171a77'::uuid, 'person:anthony-chaffee', 'courses', 'Dr. Chaffee 90 Day Carnivore Challenge', ARRAY['hba1c','fasting-insulin','tg-hdl-ratio']::text[], 'transparent', 'marker_specific', 'Seeded from user-supplied commercial surfaces for financial-conflict checks.', '2026-05-23T00:00:00Z'::timestamptz, '2026-05-23T00:00:00Z'::timestamptz),
('cb526060-515b-506e-a248-77631252faeb'::uuid, 'person:anthony-chaffee', 'food_products', 'Carnivore Bar affiliate promotion', ARRAY[]::text[], 'transparent', 'generic', 'Seeded from user-supplied commercial surfaces for financial-conflict checks.', '2026-05-23T00:00:00Z'::timestamptz, '2026-05-23T00:00:00Z'::timestamptz),
('631c870a-31ff-5082-b015-536f624036be'::uuid, 'person:anthony-chaffee', 'devices', 'X3 Bar affiliate promotion', ARRAY[]::text[], 'transparent', 'generic', 'Seeded from user-supplied commercial surfaces for financial-conflict checks.', '2026-05-23T00:00:00Z'::timestamptz, '2026-05-23T00:00:00Z'::timestamptz),
('14af89a2-5af4-5502-b4b5-49da2207b34c'::uuid, 'person:anthony-chaffee', 'other', 'Amazon affiliate storefront and Patreon membership', ARRAY[]::text[], 'transparent', 'generic', 'Seeded from user-supplied commercial surfaces for financial-conflict checks.', '2026-05-23T00:00:00Z'::timestamptz, '2026-05-23T00:00:00Z'::timestamptz)
ON CONFLICT (id) DO UPDATE SET product_or_service = EXCLUDED.product_or_service, related_markers = EXCLUDED.related_markers, disclosure_quality = EXCLUDED.disclosure_quality, severity = EXCLUDED.severity, updated_at = EXCLUDED.updated_at;
